index,HMBCX,MNMCX,PATCX,PB01,PB02,PB03,PB04,PB05,PB06,PB07,PB08,PB09,PB11,PB12,PB14,PB15,PB16,PSGCX,PB19,PB10,PB13,PB18
2,0.9229221170579658,0.7515170428341089,0.9498135896623313,0.9436470419652729,0.8256929507193037,0.9121377301810182,0.7439063398054379,0.7830773935459593,0.8873656309487861,0.9258906818601514,0.9705999590682807,0.9448510753027228,0.9018965960717147,0.7960997432829432,0.2501454226050787,0.819995328342958,0.8222219129012711,0.910288771039985,nan,nan,nan,nan
2_dis,111.97523650425397,203.91210677805807,112.6848396545338,80.66523696381162,109.21256312252548,160.59967841723696,201.0936901343421,252.69127645525526,222.67022296486664,136.97547278137864,109.06268780548224,131.91290669049602,143.65949418499224,275.98730147234284,441.04663291398913,274.7362422284148,286.3863051207678,175.33032644399674,nan,nan,nan,nan
3,0.8661911736838255,0.8616762633319829,0.8310033152801867,0.9378761373725194,0.714551806178987,0.7085245687857866,0.5049987196177289,0.650303520346184,0.6088946157415327,0.7364830500041486,0.9173826455407784,0.878830208790254,0.9148140101333786,0.8644819961331233,nan,0.6311895723124539,0.9492417185445323,0.8965050502113613,nan,nan,nan,nan
3_dis,218.51167924188775,252.3622690027129,238.8454326898299,190.82316747098133,230.0179005226289,259.5019767968465,304.5348146923962,346.6197330213616,300.7611258546197,248.37852602394267,170.3729223647398,213.67686095616764,218.12474182665161,336.07866584009724,nan,341.66527197107825,312.6005101138924,260.52142053887246,nan,nan,nan,nan
8,nan,0.6105027274364516,0.809407713944214,0.8404402662972514,0.831921056078545,0.7387588969239611,0.45892440888905817,0.7306619500086721,0.29963664964841785,0.7209274453503162,0.7338165382289294,0.8201071999425481,0.7896684814731593,0.7748655409959946,nan,0.9431365637006958,0.841438781430567,0.7514571858961596,nan,nan,nan,nan
8_dis,nan,196.13951905388336,67.71239653578309,73.22187619479132,81.84106330571507,149.55025475127195,181.91885718632338,237.10484908470835,219.77600895614407,117.57215506207633,117.55431739924548,138.2118256527044,131.07862643919646,255.2666432022442,nan,274.6766139366893,281.9142470259814,149.4964203168987,nan,nan,nan,nan
73,0.766513510695491,0.7501074408765815,nan,0.85397043912647,0.6600443359123742,0.7061748309381637,0.6257771643135404,0.6322478628153624,0.6751715214657783,0.795308616117947,0.8223542559579057,0.7580440201925568,0.7797037324371708,0.6366374684470657,nan,nan,0.656479513641544,nan,nan,nan,nan,nan
73_dis,62.26412431655059,155.91095363133618,nan,96.33046151481422,116.4707715733614,189.8489867112182,223.15379458574762,279.09933584020246,260.92786301710885,156.68027316932333,94.38004830489979,173.1720763846162,95.13275375358712,216.06966710333614,nan,nan,240.17220790912617,nan,nan,nan,nan,nan
90,0.9061830596475156,nan,0.9400985645219289,0.9137330150859553,0.9249870418972707,0.8133994670575234,0.5048984472060037,0.5972015848271666,0.5727275563770018,0.854565826868845,0.954320985282211,0.8891235626080722,0.9053307426938527,0.7207383834366977,nan,0.5346022947834972,0.4701019302789339,0.9094044070481595,nan,nan,nan,nan
90_dis,100.49292123083656,nan,71.53962115935695,143.00628410102942,122.1050827701888,192.54281612951965,203.19463157729874,256.8172992537903,264.36327187907096,155.75376789597686,176.78945217082082,206.9701150810853,150.07389405217114,225.91513827606784,nan,318.6250310809667,284.2538609729863,131.73743631095002,nan,nan,nan,nan
122,nan,nan,nan,0.8204782323785422,0.8476853864715306,0.903459496761961,0.8371461178022899,0.9541600337805822,0.9522020299856425,0.9193981177504839,0.7666653029713688,nan,nan,nan,nan,nan,nan,nan,nan,nan,nan,nan
122_dis,nan,nan,nan,260.1306587887501,217.25997311505165,150.1042067446095,105.52504559555354,57.98413785740857,113.04248048611692,175.5670508385008,365.0220019579156,nan,nan,nan,nan,nan,nan,nan,nan,nan,nan,nan
206,0.7624192387903985,0.71118264300066,0.49543212785201235,0.6741845277603924,0.7314062818704895,0.8001428818822698,0.9080947558538601,nan,0.8067239491031002,0.819247382385635,0.6375648087443555,0.8519950320421986,0.7087850226258081,nan,nan,0.6298960423756788,nan,0.5295010002624835,nan,nan,nan,nan
206_dis,260.4998801335484,390.31244531123644,197.4320292426401,195.45648101623067,150.76442497475344,93.50574985905028,49.490490523207725,nan,92.3511790575706,111.62216655605567,299.1949953204372,149.72755536767932,321.26053883719266,nan,nan,123.36112941536896,nan,331.2611210455098,nan,nan,nan,nan
231,0.9415438666045889,0.9267875588596393,0.9742771120758216,0.905804265585938,0.943400755921354,0.9012879828342754,0.8249106102109866,nan,nan,0.9755523018996966,0.9715522235075578,0.9688673103132158,nan,0.8735715480983675,nan,0.5800111665986185,nan,0.94854304388073,nan,nan,nan,nan
231_dis,59.99104491035197,161.42450358403795,74.62596325288962,90.50038361626898,108.0850201802185,182.12657426659342,214.78155485132325,nan,nan,148.4930695354257,97.5051217712788,167.21900117548603,nan,220.35192045773485,nan,309.0715823456903,nan,116.58073035519021,nan,nan,nan,nan
245,0.7875993194168956,nan,0.8387895889386331,0.8995434876922963,0.7814530114444964,0.8916615975660401,0.955591026309581,0.9147259836660129,0.9316021729965736,0.9099744300243416,0.9569207244002247,0.8986237684881843,0.9341227577537246,nan,0.16472345549455603,0.8425192628416904,nan,nan,0.9290550323848936,nan,nan,nan
245_dis,219.8589584304603,nan,157.17946910117396,158.63577434391593,112.63089512322388,71.81339658217723,43.85721750154609,82.8125789729021,103.49157436470033,78.12507893333624,260.55282715158427,126.28641402445142,280.5494870823532,nan,272.1228228009014,147.83557607430657,nan,nan,220.77845537176952,nan,nan,nan
246,0.5480356980169587,nan,nan,0.8222255529470568,0.7395861992195133,0.871352910317318,0.9067658003992889,0.967842036484519,0.8982138032719752,0.9023465922176739,0.6181955968449273,nan,0.2338207862262925,nan,nan,0.6137182467169893,nan,nan,nan,0.7498831684120087,nan,nan
246_dis,266.852480902675,nan,nan,200.15489910578435,156.3523667410026,95.97174229913206,52.42044847067761,46.03373582817498,88.50453435437592,116.30966833873867,304.2252555663176,nan,327.4220649573784,nan,nan,116.87762806952898,nan,nan,nan,106.25651388938019,nan,nan
247,0.886486803879235,0.81734230872564,0.7535168320145542,0.6388199490401082,0.5428057213875401,0.6321950703616322,nan,nan,nan,0.5089766266767167,0.8903009924299976,0.8361767079602649,0.9030882513570211,0.8662397743243107,nan,nan,nan,0.8984100946595317,nan,nan,0.7328150152218633,nan
247_dis,88.31903456759007,118.38833549641043,125.76163251713578,176.2514377348205,184.52331299921875,264.9194363890581,nan,nan,nan,227.34279671004649,144.92863534876523,259.2968026549107,89.28600530693271,133.1246647939951,nan,nan,nan,52.351699434650605,nan,nan,189.79299482883187,nan
270,0.9215856944610954,0.9105125971632416,0.9384106413131971,0.8853008829230147,0.7995832342456415,0.775072830219554,0.7122295678059047,0.6949753950774197,0.6075643304390776,0.8809824130525528,0.9227033386933777,0.8909422667066424,0.9408790615123467,0.8906100920079368,nan,0.5812993448853765,0.9643613516724253,0.9161190501606945,0.8608622219092074,nan,nan,nan
270_dis,118.28313917400818,189.3222395994281,114.38837535092442,184.60458254308224,170.88472796753223,243.72606303233852,253.88122461560724,306.6964317882077,315.8002295544563,206.59516074490622,193.8825182936487,255.48053685139877,149.78159607119824,189.6085927560989,nan,370.01476696498514,259.2415358445952,114.88757265305571,447.7165379882387,nan,nan,nan
317,nan,0.5382185906969119,0.8928288131498999,0.9618499322251933,0.9154155622664791,0.8591716395792824,0.5401766988245651,nan,nan,0.9712031069183942,0.8824388202546634,0.9302531678469407,0.7834788973733042,nan,nan,nan,nan,nan,nan,nan,nan,nan
317_dis,nan,233.11479437207632,67.372006365751,69.99403705980315,53.982329975506815,112.19537221617452,141.24435884102715,nan,nan,80.83781572178663,148.1029054704285,112.50340385994004,165.69669386725138,nan,nan,nan,nan,nan,nan,nan,nan,nan
337,0.7852225973438489,0.7327369416302693,0.830754902162137,0.8345821996338132,0.7636003707362067,0.8439113747649516,0.6834664352422741,0.8277459955770481,0.7976076850636546,0.870531236003165,0.8271024134391978,0.8228783833595245,0.8005591244313879,0.6908172631442073,nan,0.781617483157129,nan,0.7315169992707953,0.8029108714343799,0.28206396153207686,nan,0.2154865102739778
337_dis,271.7782250049532,337.5617687739432,268.955148795871,208.6583596395562,236.30374834761844,230.9496140913004,272.50233016135223,300.5429982149486,246.84136335046836,235.58583398336629,233.69841365375737,186.5707509751611,289.9974447282983,422.25671366853845,nan,274.8134630034332,nan,332.12691278467724,324.49081083711155,366.9905050206267,nan,478.81957412593005
359,0.8343358573907547,0.8617272762963495,0.9082355768005946,0.84497812199817,0.6961678358081896,0.7095464969753763,0.7062706246213566,0.7038087919922573,0.7241900692884473,0.877347559749385,0.8702556298581345,0.8474610613861382,0.8925710108211047,0.8800516592826163,nan,0.6194155304523814,0.9102512303918944,0.8491856009510752,0.778790005386188,nan,nan,0.9291976897272437
359_dis,121.7396115229866,194.46347893782578,115.5386506248881,185.0941222796793,170.41899508716406,242.0327865791148,251.56984149071127,303.96106039045895,313.5571961973102,205.27734040929445,196.69824326908048,254.52531414644653,154.26937473312137,195.63113828124085,nan,367.4798614698864,264.4819508557659,120.94815051284618,444.91930327286946,nan,nan,335.2984373599372
376,0.8561466954973237,0.8649253684944083,0.9169492135025613,0.878400877439226,0.8449062678448293,0.7933355334083203,0.7525098077368282,0.6601506076909859,0.7382372408969061,0.8421968561400771,0.9030676447063283,0.8932937470984709,0.8581186309683178,0.8272532794498784,nan,0.6809863680175186,0.9105102237725258,0.8477062374126056,nan,nan,nan,nan
376_dis,100.91742546151782,185.0032834010967,93.12927653053845,163.5685397612716,150.0355156983971,224.02130744737923,236.20374690700015,290.04337556990265,296.7499418419625,186.59870847869772,177.82751383121567,234.5319279429908,138.81435417609262,195.7910795996752,nan,351.4228052386433,259.81399409681956,110.05772329564763,nan,nan,nan,nan
503,0.888962164766132,0.9039174886918485,0.9360801152609773,0.9091411979646264,0.9017131850907409,0.87183708042569,0.7645290375284,0.7782836567799754,0.5280860247932297,0.9574495455395695,0.9541490815986423,0.9186259455690403,0.9334336695666461,0.9024660070346157,nan,0.6989748069685673,nan,0.9413200366411982,nan,nan,nan,nan
503_dis,63.992129849661964,149.64002799534276,90.55874723834945,103.29840478437613,124.94895055733974,198.25984372005573,231.79201555409082,287.67725614694115,269.11906747435927,165.24097080884462,92.61308319478782,180.55154844723714,90.9052170428774,210.1842679351698,nan,324.2049755158646,nan,110.29289940118765,nan,nan,nan,nan
512,0.6062274560732486,0.7027022472042429,nan,0.7723066196352738,0.7280826621346296,0.6925320397725901,nan,0.5458198635766206,0.5962573743536165,0.7839515410201886,nan,nan,0.6048044593480989,nan,nan,nan,nan,0.7833186170923355,nan,nan,nan,nan
512_dis,74.59583157236347,204.5074807104961,nan,54.70338405798492,44.80386648056108,125.91443545601835,nan,213.4849302986808,200.81359629410923,88.71913163792964,nan,nan,135.3140323428497,nan,nan,nan,nan,149.44932417561802,nan,nan,nan,nan
643,0.977155777239988,0.9691501827541698,0.9111308643209151,0.8874807581361033,0.8117000090863038,nan,nan,0.6530907437529323,nan,0.8100616144953816,0.9595052369767982,0.8764283674093973,0.967070696271047,0.9799043025203048,nan,0.420677742178437,0.9820246559885938,0.9280591075269217,nan,nan,nan,nan
643_dis,161.74736433482366,178.25079855049344,180.20937262947237,243.53788521263633,238.9340415307063,nan,nan,379.48831685952564,nan,277.05373095578966,224.62134540036726,320.62619090940063,166.3026233440595,145.99298843177,nan,441.4979517643809,226.80874979186234,119.14522522776852,nan,nan,nan,nan
651,0.9173013806603425,0.9463079718665656,0.801979929653128,0.8608971916039282,0.8131022304362445,nan,0.8109751306478731,0.5957843070955776,0.5651754854722438,0.8938381005882429,0.9374633814967048,0.842251093182211,0.9674653070945999,0.9734063295103496,nan,0.6025261086052262,0.9812617422006842,0.9373447664097203,nan,nan,nan,nan
651_dis,152.05887234273226,177.29412935652218,168.08933902308956,232.39531800374613,226.70769996166743,nan,314.0958516655071,366.9284460885411,374.5548514559405,264.61128692343647,217.2363794559123,308.84706349659336,160.48750530324438,151.21093713180576,nan,429.0466260158564,230.35605686876355,114.3516995715793,nan,nan,nan,nan
656,nan,0.8600265763159927,nan,nan,nan,nan,nan,nan,nan,nan,0.8023076520885326,nan,0.8744668761265781,0.8840716134747006,nan,nan,0.9511404129461744,0.8515928302748115,nan,nan,nan,nan
656_dis,nan,174.9336111386499,nan,nan,nan,nan,nan,nan,nan,nan,215.36456179312194,nan,157.60914948842884,147.89449396507965,nan,nan,228.78457982014277,109.73437641639079,nan,nan,nan,nan
692,0.7623771182515786,0.7121759223093798,nan,0.8391715396326727,0.8435926060497605,0.8066258860298612,0.7906033872264033,0.7525856210959085,0.8469033751263986,0.7859358896267489,0.690822198449698,0.8393851507123358,0.7665711322796885,0.800371693258819,nan,0.8639534009983941,nan,0.8010497443611587,nan,nan,nan,nan
692_dis,68.97719271688854,199.09082342705727,nan,58.8182478360704,51.06310765703958,132.3862468712716,161.59931730472823,219.2619411757155,207.35116515435595,95.01838719861878,122.31039738116783,129.68790442852594,130.15597705123824,253.39960229172442,nan,263.86588993072235,nan,143.05809725218302,nan,nan,nan,nan
727,0.9478451095276957,0.9463012549533927,0.919304521080255,0.8159211274705345,0.8524755743436327,0.874978088951459,0.8702554141005686,0.7025718102084242,0.5738057753089897,0.8709903104109435,0.9193821723275848,0.8667576798607757,0.9419719815597718,0.9070097812014339,nan,0.5469083565290829,0.946817479637864,0.8913790248723232,nan,nan,nan,nan
727_dis,136.15149938403215,179.23306107658632,146.3987612795719,211.3360988735771,203.6684793779523,277.88857370254567,289.91952025523864,342.74554681995426,350.13268877409365,240.81895840983034,204.38455506120098,285.7776577163522,152.78107460834323,166.5744333210254,nan,404.4713372375852,240.11134751961467,111.70986815504382,nan,nan,nan,nan
774,0.7935360738450118,0.719667642196185,nan,0.86984549640825,0.8876597827352574,0.8204233860110295,0.7946607942670424,0.747079482615014,0.835963419998714,0.8196608083808319,0.7794778528159888,0.882616121332022,0.7868593168969582,0.7608518739007483,nan,0.822056791135335,nan,0.8362836998529597,nan,nan,nan,nan
774_dis,69.1392127165196,199.14702300710556,nan,58.81597231478439,51.18540504109968,132.38626654058115,161.63672155806236,219.28238964664436,207.31937582423595,95.0612911921468,122.29293562280998,129.6230926125264,130.22729952818855,253.50921252588265,nan,263.82454108427055,nan,143.19091483597563,nan,nan,nan,nan
810,0.9453684372722714,0.8234942549936345,0.8823646716554325,0.8164105783860001,0.7808075302628626,0.7256534071946789,nan,nan,nan,0.7773917920342168,0.8255372492671288,0.9041884712181371,0.8844302619087762,0.8885626598063328,nan,nan,0.911205060392644,0.8692566152591433,nan,nan,nan,nan
810_dis,127.91887900961976,171.20503699272766,140.35541629298223,205.56133830523277,198.997311987808,274.56022365304307,nan,nan,nan,237.09300906105682,196.84062539369538,281.4243715728056,144.1134901504937,160.04193369446892,nan,nan,233.50213745174992,101.8901468982191,nan,nan,nan,nan
853,0.8197995059322987,0.7318273304932991,0.7982971278660248,0.812178374176029,0.8532944015612898,0.8619659538066045,0.7233509895611121,0.6935001034697886,0.6579684306552653,0.8704886163389125,0.8822340570725172,0.8581504795774182,0.8257623440718058,nan,nan,nan,nan,nan,nan,nan,nan,nan
853_dis,128.0118157169953,253.31374796754895,77.30899858861139,77.28212692868016,47.950949749801175,93.48511708105666,119.94097382710247,174.4560610561007,162.83339816543207,63.599025629220655,165.891829365279,102.37680338499263,185.20826389209898,nan,nan,nan,nan,nan,nan,nan,nan,nan
906,0.8064750506539744,0.6831927124034225,0.8400452141796653,0.8078399288835236,0.8504982968662025,0.7103628749309223,0.6164084862319646,0.6383798469214816,0.58446960314244,0.7693308034026571,0.8566684643028634,0.6628873000462746,0.8160020679806756,nan,nan,nan,nan,nan,nan,nan,nan,nan
906_dis,129.6656336888894,255.17428691840755,78.49985350110917,77.62532408207875,47.34913946342401,91.30905707747962,117.76314136365981,172.2736259949522,160.62160490956742,61.62782512905995,167.2637330855648,100.86324095980294,186.97142103045883,nan,nan,nan,nan,nan,nan,nan,nan,nan
919,0.8989338986067592,0.7379673403497197,0.7865442501935997,0.9216310412072064,0.7458447426937578,0.8673504409143458,0.7237562576418457,0.47280730148648603,0.9359927956309044,0.8649133613585918,0.906909664212143,0.946677667285089,0.8382641263641926,0.2344440995011097,nan,0.6471428062395258,0.740455551482548,0.7164622996199514,nan,nan,nan,nan
919_dis,136.7049337869894,240.43582066583647,120.55932607572598,61.20119379915825,89.27789865941934,119.26250134379718,165.90757833368184,214.64566054259598,175.95654015716084,103.96482796513914,129.10027584568914,80.11396071326851,175.9705104767961,316.44531306915644,nan,227.16812451527818,325.0494582522421,210.67138399048426,nan,nan,nan,nan
959,nan,0.9388706461727709,0.903623772422052,0.9224859081715349,0.7613304671182469,0.8526039170093863,0.45111712634046186,nan,0.5409850750164258,0.9007856168506431,0.9210531680038114,0.9408347398776831,0.9465807801632667,0.8890915138449096,nan,nan,nan,0.8980536946271988,nan,nan,0.9171612309423454,nan
959_dis,nan,40.43910951902886,175.84383552203545,181.45815307421694,218.23618503476047,294.72154620646495,333.35124749111594,nan,365.48264489433274,261.8734879976415,85.56023233547567,264.82112491779657,49.78596550367587,133.35550429608426,nan,nan,nan,81.04139890567647,nan,nan,120.49751032018807,nan
1057,0.8493859534226735,0.8451639162129669,0.8951299267364146,0.7940544545612578,0.8164172629157513,0.6998792956828067,nan,0.1268659256009061,0.1302875901899208,0.775460535584599,0.8555973222904341,0.8081980251843699,0.8401800391317314,0.20662174942606099,nan,0.14834184477794055,0.7784325808009471,0.7629492065508091,0.6992789624875991,nan,nan,0.29560178250849534
1057_dis,111.7023362508767,184.68338579633868,108.80374212576953,178.71678648033665,165.98890917506333,239.7232217123019,nan,304.2859419502207,312.20428010870313,202.39195288534356,187.45719815378934,250.42364682791575,143.8437595527253,187.75087338818668,nan,366.6811700394667,255.86319453777844,109.94761473815252,444.60196737256916,nan,nan,327.5589256225187
1154,0.984239719864921,0.8685284415308059,0.9325986046200292,0.9047407506905667,0.8920428222360929,nan,0.8096320373765421,0.6856030020823337,0.7079700234270141,0.8362674151793382,0.9576879386943118,0.8739418095479354,0.9258156874932446,0.8682100588513778,0.36374415958735157,0.44811021946668705,0.8189595786551179,0.9145672181847565,nan,nan,nan,nan
1154_dis,107.95006163846523,208.71943764997704,79.87639578027562,152.16205023517836,130.04821386964085,nan,207.93759092949557,260.83076430854845,270.4708761390156,162.67584256483386,185.0298428208348,215.32106400250436,155.93863976419655,225.7184713343912,450.4316182403802,324.3617335491743,286.81955740735873,134.6372294651997,nan,nan,nan,nan
1198,nan,0.5879690130779399,0.7723900611681915,0.786205192422711,0.8871754267342524,0.7728283088645358,0.7512662045316212,0.6741403239119678,0.6019373031227855,0.8562913483474052,0.7406946007668833,0.723501660102422,nan,nan,nan,0.53411095285035,nan,0.6908651183209515,nan,nan,nan,nan
1198_dis,nan,254.03334694669974,77.64420310565589,77.82863459791257,47.970316373376804,92.97693647782377,119.19866509838509,173.7045192871059,162.2893313890472,63.13311353078662,166.6606642139195,102.34932335490345,nan,nan,nan,216.9142093929862,nan,200.8568068739166,nan,nan,nan,nan
1212,0.9870341044553478,0.9346360068970632,0.9592691116694205,0.882847219373026,0.9062870879150215,0.8666896377315535,0.8245652134401199,nan,0.8709205254066836,0.941778628603163,0.9517644502023772,0.9287569662056736,nan,0.9505178898043666,0.7149941518542275,0.7711784542774605,0.9657396108103141,0.9186614429309353,0.9153254968001776,0.5383725466769129,nan,0.9846331413166398
1212_dis,126.84725119034395,169.09489171598725,140.02444421872556,205.97182506378948,199.48488045688168,275.5728378752971,288.6465706468849,nan,348.75962004496637,237.89307595978298,196.4462419628099,282.4305286356587,nan,156.4691000290094,531.8541256044662,403.6293422811016,231.2327131818106,98.71325644263983,481.81316187603926,407.8646951082907,nan,298.58552986399366
1261,0.9145889942635144,nan,0.8896416226747752,nan,0.7739876801649108,0.736436915189421,0.5403071136447399,0.5214465236955184,0.5579809227949816,0.7028709238713491,0.8821352388273579,0.864106693381794,0.8853051466919613,0.8754484875335546,nan,0.4544587662864129,0.7583643442924846,0.8213150003111916,nan,nan,nan,nan
1261_dis,110.57804427631218,nan,107.42718894877426,nan,164.384160547775,238.08693074251258,249.55422724258239,302.9135596356637,310.5537430192789,200.79331908771056,186.14266264074257,248.6098740720142,143.1562879557234,188.7361624596253,nan,365.03897642965205,256.12323368921767,110.05970484224848,nan,nan,nan,nan
1334,0.9599112831159313,0.9068475029446506,0.9156258190560432,0.8470014059873245,0.8534240680374776,0.8204471149829868,0.8132945811869203,0.7852483629394991,nan,0.8164175460139036,0.9393750605299257,0.8472132926242724,0.9531695428381218,0.8956497055525613,nan,0.6925649393954969,0.9579135951658704,0.8834991138304937,nan,nan,nan,nan
1334_dis,134.65254227834552,180.36368278606906,143.40348911013635,209.9638072322997,201.24170866866604,275.5488433856237,286.9817421120674,339.79785151993934,nan,238.31449560055268,204.69216433084625,284.3004452332146,152.85534360394416,167.2635537654672,nan,402.2887260843349,241.9767062917039,110.90477200903055,nan,nan,nan,nan
1375,0.9586016640005548,0.9676748147459033,0.9010212729664325,0.8952544570724973,0.8063481399218548,0.7998806475315486,0.7263985550017138,0.44534402436235615,nan,0.8390962981913772,0.9405129245107396,0.8806593922907547,0.9704140757362005,0.9132096926394173,nan,0.2131784436270336,0.9685734792473459,0.9074958787582933,nan,nan,nan,nan
1375_dis,138.43928796216284,181.42041615001762,147.790731305781,214.1587793152556,205.57073983552561,279.7740576610718,291.0351066874671,343.71966351457485,nan,242.58126911975552,207.89622628176997,288.54948329474905,155.42569695698626,166.16723207598326,nan,406.3751162642731,241.70911434452105,112.84030273084855,nan,nan,nan,nan
1398,0.9513131101066691,0.8907406763083323,0.8699486369258969,0.7171426682324673,0.7277349921360052,0.7367470561908267,nan,0.6177460045049381,0.6056936112974927,0.8880478349400556,0.8439054271284767,0.8909368185410304,0.9412692135241459,0.9235682581392215,nan,0.6396282730532157,0.9403230303684147,0.8824539479875124,nan,nan,nan,nan
1398_dis,133.81391217686445,162.62516105696088,152.55324409824195,216.80591008558088,212.74552975093954,289.8123048850978,nan,357.68917847072805,363.3541108869913,251.969450839452,200.19900661817843,295.02527350761267,142.72009849194802,142.7459245101807,nan,418.44090429550937,220.34164921213593,95.52669776626276,nan,nan,nan,nan
1406,0.6265529882131047,0.3588392902297269,0.7725485914029178,0.6256803670873112,0.7410418441788942,0.6887184278745917,0.5367261052516941,0.6611200389908432,0.6545413289645948,0.5183410273312654,0.7777156366605296,0.7501298192579545,0.8033830075106525,0.8340903721341173,nan,nan,0.8577174590046619,0.669572491311182,nan,nan,nan,nan
1406_dis,127.54476340758293,169.1253382496523,140.86526057866493,206.90684517326315,200.41388021954737,276.5350898462911,289.5476613194361,343.1739327383274,349.7382953515625,238.8358253682697,197.13711078271118,283.4321820607424,142.96080083592852,155.8055756069458,nan,nan,230.96379468870032,98.76990015908014,nan,nan,nan,nan
1409,0.9780962288930996,nan,0.9718515481110709,0.9573243777221525,nan,0.8603076401234508,0.9145451096624195,0.8513128266058049,0.7953825804263264,0.96657758216636,0.98216380224209,0.8592795303700536,0.9813409034394909,0.9618458706744717,nan,0.7229079836662973,0.9777322999201556,0.971857587494097,nan,nan,nan,0.6687909430788044
1409_dis,146.290678633442,nan,154.23384490139128,221.02855318009156,nan,284.71719528290737,294.8883862312295,347.02602420210167,356.56339542125835,247.73660945267963,215.72606442628188,294.5582881496793,163.2182435710852,169.83201721991213,nan,410.5825673142467,246.67670242988598,120.3161004291754,nan,nan,nan,311.30863534113024
1438,0.9611958636819368,0.8364197680770964,0.8534162215824348,0.6964225533518033,0.8198055008195742,0.7730713275584572,0.6855173612742,0.6687860082713584,0.40902023051769976,0.7184176966908513,0.874251356269148,0.8716890128772796,0.9133806289441769,0.8339303705364559,nan,nan,0.9204476625516707,0.8252209825412269,nan,nan,nan,nan
1438_dis,138.28079225063357,186.93680149202268,144.14138612131143,211.23780430998934,201.02637236856555,274.2434929602586,284.64194950585295,336.96949472148384,346.1243632176848,237.2701286242405,208.9077614991722,284.2355242949286,158.36894362378152,174.08190707759263,nan,nan,248.71612554954328,117.44071594105675,nan,nan,nan,nan
1446,nan,0.5900285852718671,0.9360269798307512,0.9159031007664318,0.8892589487656051,0.6226470395890812,0.6229126497920404,0.721039938467013,0.49031861295287943,0.8925167486704705,0.8005829125075665,0.8736695402504392,0.8214277144717288,0.42861124620870644,nan,0.726321024473134,0.3616249799191433,0.8805258577676726,nan,nan,nan,nan
1446_dis,nan,205.47317192451888,47.86215366389132,112.18183017895812,92.28239415441148,164.1071039795398,180.23350670393407,235.44958942201444,236.74743609355244,127.30783714518768,157.50754437957823,174.6342967180793,143.98306434342268,240.8444386598117,nan,291.71148305690025,289.22280273275175,138.40004297394748,nan,nan,nan,nan
1458,0.963801709535522,0.9511987861515667,0.9705071177733016,0.9475425688930007,0.9012119926646852,0.8922018091690802,0.8992695163855517,nan,0.9225822492295116,0.9660499163997162,0.9803394522626176,0.9612584087480063,nan,0.9377333725469597,nan,0.7644795148475549,0.9715497599517176,0.9554118455602392,0.8827749405266547,nan,nan,0.8654681303667369
1458_dis,85.46732348058875,188.0270029142714,66.80032925482111,136.02922249673668,121.72414493338759,196.10493627646085,210.96574417828995,nan,269.19225725059215,158.69986051892985,161.37907751756325,205.30713054564703,nan,212.64589310696212,nan,324.21752741914537,268.1956368389276,116.07938959978391,402.5838059960341,nan,nan,344.98039193194757
1470,nan,0.8390856665207906,0.8135897921488975,0.7482588372651225,0.7410453182678663,0.6777003151772893,0.5773730037895028,0.5361120131161203,0.4406106985438639,0.8365039857230503,0.86330672836419,0.8221007468908681,0.9028312295223417,0.8013414423915697,nan,0.428787863170328,0.9464498422469229,0.8315851635140721,nan,nan,nan,nan
1470_dis,nan,175.0526608439638,142.81053385210294,209.41446683913554,201.67198833939227,276.93439403842467,289.01549835399965,342.22104904970513,349.7537060477137,239.4258578511117,201.83432124915836,284.90675537517825,148.52692065989996,160.99495233206113,nan,404.3822091046539,236.481511201571,105.03801260179283,nan,nan,nan,nan
1480,0.940640415569537,0.9288572729701772,0.9608646568853297,0.9291012702361123,0.8619506889472677,0.8152110948699549,0.7763570818451166,0.5437893570581306,0.6777363390723359,0.9051611396600356,0.9601581263834555,0.9257449168523364,0.968047087036595,0.8300505807255666,nan,0.5961875871359669,0.8718875067792005,0.9311065004421062,nan,nan,nan,nan
1480_dis,84.69346025398059,187.64531190034745,65.94848355092404,135.34326864954403,121.11393102569329,195.6579726375921,210.6362235998406,265.54068524358905,268.81188625323404,158.20766551911183,160.73838121271518,204.76105260029132,132.648907790436,212.5109198821031,nan,323.87306247703594,267.93530608760335,115.66681915964179,nan,nan,nan,nan
1487,nan,0.8681969223353425,0.8764757004307419,0.8185495735194442,0.7997159988021515,0.6523952353627769,0.4393017536648999,0.49452588197242764,0.43409651522630566,0.7040764047346562,0.8393588346470406,0.7615541922559798,0.835608437054935,0.7734709682326486,nan,0.35220835961638913,0.9527466321166569,0.8697433361590082,nan,nan,nan,nan
1487_dis,nan,178.59107816543434,121.78108840165187,190.41020320135596,180.1279374922791,254.8285718763321,266.61108350011796,319.97911851065976,327.5825994366841,217.3363258348211,191.6085970353877,264.1513774138228,143.3355677739046,175.09359179257973,nan,382.1936296771897,246.27511417976822,104.80969829944209,nan,nan,nan,nan
1497,nan,0.97301283835698,0.9200875820634296,0.8441536199144886,0.7284580745280191,0.7643585762767574,0.43357157927237777,0.5182147639363524,0.36352700861330983,nan,0.9503976017550212,0.8270115626137708,0.9836807019310915,0.8849679279332866,nan,0.4185917215042122,0.9753432334306494,0.9450655234069131,nan,nan,nan,nan
1497_dis,nan,179.28443904102815,140.8124353660132,208.72116405413465,199.52132812818576,274.2688912975844,285.465062664432,338.42286517504175,346.9129257809496,nan,203.90730630112904,283.4175190264162,151.32413753583026,165.44315605611342,nan,401.4070956686936,241.38564854427756,108.08157801343556,nan,nan,nan,nan
1511,0.9038970729466433,0.8951951914732802,0.8918906591978527,0.8334695315665342,0.8617685211384413,0.6807281448460951,0.5457974654365356,0.6457984716931422,nan,nan,0.9019622659273488,0.9287308434779388,0.9431281434262173,0.8501960240017332,nan,nan,0.937002410175041,0.8567319541426504,0.8756317024027247,nan,nan,nan
1511_dis,132.84068135920705,184.60840326025567,138.26833039353193,205.52236952669895,195.35884788249996,268.88585988431953,279.6901329928283,332.2787868891442,nan,nan,204.08586197184889,278.6429093103062,154.2615314108076,174.49023843864072,nan,nan,248.01950808020092,114.12613358468334,472.76511496168365,nan,nan,nan
1532,nan,0.8424650835315202,0.9523383832758261,0.958900869083307,0.9434634815135282,0.8022687125767585,0.44595672325504776,nan,nan,0.8730324142647505,0.929090230995723,0.910427516600802,0.8993439175101288,0.6420990136856166,nan,nan,0.652015346436773,0.9132116176836649,nan,nan,nan,nan
1532_dis,nan,207.63076443333867,77.68197881881537,149.61628863754768,127.86294251508941,197.33922936776253,206.6116531239638,nan,nan,160.7488236725842,182.7221650675649,212.96052208576253,154.32661032830197,225.83749276603254,nan,nan,286.11904025813107,133.89151348253074,nan,nan,nan,nan
1540,0.9265126312558273,0.8738272682021454,0.8700652506067996,0.8476926233617325,0.9186295018397405,0.8133724307869551,nan,0.3720483818329162,nan,0.7616200390022877,0.8598417051217482,0.7542090123281011,0.9330074022983776,0.8622015931382799,nan,nan,0.932042309917726,0.8797182965367307,nan,nan,nan,nan
1540_dis,123.53955350857287,166.6840952115588,137.17152978604662,203.37962387099984,197.11167974513106,273.6159865826367,nan,340.8196476458535,nan,235.80286378883187,193.6637514456333,280.236751548858,139.5081507725762,154.9340716854535,nan,nan,229.59606450773944,95.28622844100784,nan,nan,nan,nan
1597,0.943873013871765,0.9352746578103136,0.9079301647553947,0.8629455501810737,0.7833036535984099,0.8814586581898302,0.7738553550736832,0.48807024007130806,0.7457020384042257,0.8999336897396624,0.9907585916611755,0.9433950935568267,0.9398099733334881,0.942916182202479,nan,0.7625163323827923,0.9448387821134593,0.9424631904477296,0.5907579802384921,nan,nan,nan
1597_dis,76.79100590200213,108.70172053341138,124.91719000676403,148.17791310330057,170.84713148282611,247.84136646179306,279.77556104157713,336.27261909732937,319.9284732264262,213.32751631932018,101.75442485156607,230.0338299063269,68.48371754770812,161.97121076518448,nan,375.40948336002515,186.911689624667,75.9845193441428,453.2885368742589,nan,nan,nan
1637,0.9689944739229053,nan,0.9151425602878447,0.9329385533454284,0.8704754202239184,0.8525606006579742,0.8660063108041728,0.6269367881434776,nan,0.9236708821959408,0.9684477826312966,0.8628145378001408,0.9851376393222636,0.9232716470678735,nan,nan,0.9732876889113964,0.9464069298718067,nan,nan,nan,nan
1637_dis,133.51797248457098,nan,143.02320142496782,210.07910340974837,201.5409669229939,276.3325534167475,287.86889516559313,340.8513067165179,nan,238.9175850264011,203.99210303402742,284.9691224641966,151.23653795631796,164.16028772282823,nan,nan,239.7772575962524,108.13769497621276,nan,nan,nan,nan
1934,0.8212669870036384,0.7910948193122704,nan,0.8937781556010711,0.8747596916173583,0.8102108710442797,0.7576211779799524,nan,0.7921379006132936,0.820957310438129,0.777793892953289,0.9139081077812503,0.8306565185038199,0.8028039334524415,nan,0.7916917170473576,0.7748736077308065,0.8241424547626244,0.48737741208389496,nan,nan,nan
1934_dis,69.1481643107641,198.51944425288102,nan,62.074342733542984,54.28771517903083,134.67393218688156,163.33879978936517,nan,209.44517367040723,97.44806583306108,123.25690368586523,132.3837479568203,129.9429986243145,252.13944095352105,nan,265.86696146135193,286.4123912787284,142.12809399241686,345.0476926900024,nan,nan,nan
1936,0.7609966190163987,0.7576234480529612,nan,0.8654685743615371,0.8091307934203348,0.7802337329889912,0.7585576893207417,nan,0.7674903720521673,0.7601825952453869,0.7494948030803379,0.8382122866656588,0.7226233625454874,nan,nan,0.7990671263228821,0.8074663552168556,0.7671406390358251,nan,nan,nan,nan
1936_dis,67.49499608509005,197.6599917016529,nan,59.36335083184195,52.41149713869231,133.83000344841784,163.0259800103175,nan,208.81019926342057,96.44725866177113,121.41330422791685,130.9208310241209,128.7531549220831,nan,nan,265.33250062457904,285.738506372487,141.52972268465726,nan,nan,nan,nan
2049,0.7875536287615243,0.7802200355466169,0.737502960573055,0.8871143530792058,0.8207169175036831,0.7505393685797848,0.6771454181354013,0.7935019676241655,0.7674280467556202,0.7442244324981976,nan,0.8648943218118609,0.7598947658460986,0.6815132395568033,nan,-0.08218085568613777,nan,0.8209490819729116,0.629218147568863,nan,nan,nan
2049_dis,67.93264426960482,198.04032893850658,18.130259089818175,59.371137814864355,52.19664597687921,133.53433164354738,162.70940515989585,220.37121225728418,208.49894416078925,96.16502364425186,nan,130.70221902867604,129.14413752731377,252.2568785414528,nan,265.013984422477,nan,141.9236843116852,344.2589398773962,nan,nan,nan
2152,0.8116144972607069,nan,0.8319377648504311,0.9010324152390734,0.9110216155880491,0.7808076756855322,nan,0.6685355863438212,0.7882345009387648,nan,0.8446183076550499,0.8903969303755168,0.846285352270852,0.8789399916075334,nan,nan,nan,nan,0.5704011500326422,nan,nan,nan
2152_dis,68.48317107042973,nan,18.642889074925733,59.897372116365325,52.29700595869964,133.45207230772795,nan,220.12198312186888,208.38648162246164,nan,122.3174476618064,130.84536588254355,129.63516655330966,252.53126613440415,nan,nan,nan,nan,344.118124779507,nan,nan,nan
2170,0.8404906504072535,nan,nan,0.875914939116916,0.8810007994170432,0.8145749209916806,nan,0.8685556057661321,0.8155055990762754,0.8018355708797186,0.7904962396448433,0.9081220987052722,0.8091143349960326,0.7141222035767134,nan,nan,0.9039175043743098,0.8739629390733614,0.6273515300927263,nan,nan,nan
2170_dis,67.7610138174528,nan,nan,59.3877374541922,52.216736208716824,133.61766352489644,nan,220.45006571874382,208.59790585822017,96.22858420206846,121.65375595772453,130.79544573565127,129.01957810016776,252.1155039033974,nan,nan,285.99860564344635,141.76920114102694,344.3680172853446,nan,nan,nan
